{"epoch": 1, "loss": 0.08160178110003471, "kl_div": 0.08250246286392211, "kl_div (*beta)": 8.250246286392213e-05, "recon_loss": 0.08159353028982878, "beta": 0.001, "_timestamp": 1694539421.1259396, "_runtime": 5.225696563720703, "_step": 0}