{"epoch": 1, "loss": 0.08160178110003471, "kl_div": 0.08250246286392211, "kl_div (*beta)": 8.250246286392213e-05, "recon_loss": 0.08159353028982878, "beta": 0.001, "_timestamp": 1694539336.1884348, "_runtime": 4.756809949874878, "_step": 0, "_wandb": {"runtime": 36}}